Dataset,Method,N_Features,Feature,MeanAbsSHAP,StdAbsSHAP
baseline_male,Boruta,100,std_delta_delta_log_energy (MFCC),0.013,0.013
baseline_male,Boruta,100,tqwt_TKEO_mean_dec_19 (TQWT),0.011,0.008
baseline_male,Boruta,100,std_6th_delta_delta (MFCC),0.010,0.008
baseline_male,Boruta,100,tqwt_stdValue_dec_19 (TQWT),0.010,0.007
baseline_male,Boruta,100,std_7th_delta_delta (MFCC),0.010,0.006
baseline_male,Boruta,100,std_delta_log_energy (MFCC),0.009,0.009
baseline_male,Boruta,100,std_6th_delta (MFCC),0.009,0.007
baseline_male,Boruta,100,GNE_NSR_SEO (Vocal Fold),0.008,0.007
baseline_male,Boruta,100,tqwt_entropy_log_dec_19 (TQWT),0.008,0.007
baseline_male,Boruta,100,tqwt_kurtosisValue_dec_18 (TQWT),0.008,0.006
baseline_male,Boruta,100,tqwt_entropy_shannon_dec_19 (TQWT),0.007,0.009
baseline_male,Boruta,100,mean_MFCC_5th_coef (MFCC),0.007,0.007
baseline_male,Boruta,100,tqwt_energy_dec_26 (TQWT),0.006,0.007
baseline_male,Boruta,100,tqwt_TKEO_std_dec_19 (TQWT),0.006,0.006
baseline_male,Boruta,100,std_9th_delta_delta (MFCC),0.006,0.005
baseline_male,Boruta,100,std_7th_delta (MFCC),0.006,0.004
baseline_male,Boruta,100,tqwt_kurtosisValue_dec_23 (TQWT),0.006,0.003
baseline_male,Boruta,100,tqwt_medianValue_dec_36 (TQWT),0.006,0.004
baseline_male,Boruta,100,tqwt_meanValue_dec_5 (TQWT),0.006,0.006
baseline_male,Boruta,100,b1 (Bandwidth),0.006,0.004
baseline_male,Boruta,100,tqwt_energy_dec_6 (TQWT),0.006,0.006
baseline_male,Boruta,100,tqwt_entropy_log_dec_27 (TQWT),0.005,0.008
baseline_male,Boruta,100,tqwt_energy_dec_19 (TQWT),0.005,0.004
baseline_male,Boruta,100,tqwt_TKEO_mean_dec_18 (TQWT),0.005,0.006
baseline_male,Boruta,100,std_4th_delta_delta (MFCC),0.005,0.005
baseline_male,Boruta,100,std_8th_delta_delta (MFCC),0.005,0.004
baseline_male,Boruta,100,tqwt_entropy_log_dec_35 (TQWT),0.005,0.006
baseline_male,Boruta,100,tqwt_kurtosisValue_dec_17 (TQWT),0.005,0.004
baseline_male,Boruta,100,std_4th_delta (MFCC),0.005,0.003
baseline_male,Boruta,100,tqwt_kurtosisValue_dec_34 (TQWT),0.005,0.005
baseline_male,Boruta,100,DFA (Baseline),0.005,0.004
baseline_male,Boruta,100,mean_MFCC_2nd_coef (MFCC),0.005,0.008
baseline_male,Boruta,100,tqwt_energy_dec_25 (TQWT),0.005,0.005
baseline_male,Boruta,100,tqwt_entropy_log_dec_1 (TQWT),0.005,0.004
baseline_male,Boruta,100,mean_delta_log_energy (MFCC),0.005,0.003
baseline_male,Boruta,100,tqwt_kurtosisValue_dec_20 (TQWT),0.005,0.005
baseline_male,Boruta,100,tqwt_skewnessValue_dec_25 (TQWT),0.005,0.006
baseline_male,Boruta,100,tqwt_entropy_log_dec_33 (TQWT),0.005,0.005
baseline_male,Boruta,100,tqwt_entropy_log_dec_11 (TQWT),0.005,0.004
baseline_male,Boruta,100,std_9th_delta (MFCC),0.005,0.004
baseline_male,Boruta,100,tqwt_TKEO_std_dec_12 (TQWT),0.004,0.006
baseline_male,Boruta,100,tqwt_stdValue_dec_27 (TQWT),0.004,0.005
baseline_male,Boruta,100,tqwt_entropy_log_dec_12 (TQWT),0.004,0.007
baseline_male,Boruta,100,tqwt_TKEO_mean_dec_26 (TQWT),0.004,0.004
baseline_male,Boruta,100,mean_2nd_delta (MFCC),0.004,0.004
baseline_male,Boruta,100,tqwt_meanValue_dec_36 (TQWT),0.004,0.003
baseline_male,Boruta,100,tqwt_entropy_log_dec_8 (TQWT),0.004,0.005
baseline_male,Boruta,100,tqwt_entropy_log_dec_34 (TQWT),0.004,0.006
baseline_male,Boruta,100,tqwt_energy_dec_21 (TQWT),0.004,0.005
baseline_male,Boruta,100,tqwt_entropy_log_dec_13 (TQWT),0.004,0.003
baseline_male,Boruta,100,tqwt_TKEO_mean_dec_12 (TQWT),0.004,0.006
baseline_male,Boruta,100,std_11th_delta_delta (MFCC),0.004,0.003
baseline_male,Boruta,100,det_LT_TKEO_std_4_coef (Wavelet),0.004,0.003
baseline_male,Boruta,100,std_Log_energy (MFCC),0.004,0.004
baseline_male,Boruta,100,tqwt_TKEO_mean_dec_9 (TQWT),0.004,0.002
baseline_male,Boruta,100,tqwt_energy_dec_7 (TQWT),0.004,0.003
baseline_male,Boruta,100,tqwt_entropy_shannon_dec_11 (TQWT),0.004,0.004
baseline_male,Boruta,100,tqwt_energy_dec_11 (TQWT),0.004,0.005
baseline_male,Boruta,100,tqwt_stdValue_dec_12 (TQWT),0.004,0.006
baseline_male,Boruta,100,tqwt_TKEO_mean_dec_13 (TQWT),0.004,0.004
baseline_male,Boruta,100,det_TKEO_mean_1_coef (Wavelet),0.004,0.008
baseline_male,Boruta,100,tqwt_entropy_log_dec_32 (TQWT),0.004,0.003
baseline_male,Boruta,100,tqwt_maxValue_dec_13 (TQWT),0.004,0.004
baseline_male,Boruta,100,tqwt_energy_dec_12 (TQWT),0.004,0.007
baseline_male,Boruta,100,tqwt_entropy_shannon_dec_13 (TQWT),0.004,0.004
baseline_male,Boruta,100,tqwt_kurtosisValue_dec_33 (TQWT),0.004,0.004
baseline_male,Boruta,100,GQ_std_cycle_open (Vocal Fold),0.004,0.004
baseline_male,Boruta,100,tqwt_skewnessValue_dec_26 (TQWT),0.004,0.003
baseline_male,Boruta,100,tqwt_entropy_shannon_dec_5 (TQWT),0.004,0.004
baseline_male,Boruta,100,tqwt_energy_dec_34 (TQWT),0.004,0.003
baseline_male,Boruta,100,tqwt_energy_dec_27 (TQWT),0.003,0.005
baseline_male,Boruta,100,std_10th_delta_delta (MFCC),0.003,0.003
baseline_male,Boruta,100,det_LT_TKEO_mean_1_coef (Wavelet),0.003,0.005
baseline_male,Boruta,100,tqwt_TKEO_std_dec_13 (TQWT),0.003,0.004
baseline_male,Boruta,100,tqwt_entropy_shannon_dec_12 (TQWT),0.003,0.005
baseline_male,Boruta,100,tqwt_stdValue_dec_11 (TQWT),0.003,0.004
baseline_male,Boruta,100,app_LT_TKEO_mean_2_coef (Wavelet),0.003,0.005
baseline_male,Boruta,100,std_11th_delta (MFCC),0.003,0.003
baseline_male,Boruta,100,tqwt_entropy_shannon_dec_33 (TQWT),0.003,0.003
baseline_male,Boruta,100,std_5th_delta_delta (MFCC),0.003,0.003
baseline_male,Boruta,100,tqwt_entropy_log_dec_9 (TQWT),0.003,0.003
baseline_male,Boruta,100,tqwt_TKEO_std_dec_6 (TQWT),0.003,0.004
baseline_male,Boruta,100,tqwt_meanValue_dec_11 (TQWT),0.003,0.005
baseline_male,Boruta,100,tqwt_TKEO_mean_dec_6 (TQWT),0.003,0.003
baseline_male,Boruta,100,tqwt_entropy_shannon_dec_35 (TQWT),0.003,0.006
baseline_male,Boruta,100,std_8th_delta (MFCC),0.003,0.003
baseline_male,Boruta,100,locPctJitter (Baseline),0.003,0.003
baseline_male,Boruta,100,apq11Shimmer (Baseline),0.003,0.004
baseline_male,Boruta,100,tqwt_maxValue_dec_7 (TQWT),0.003,0.004
baseline_male,Boruta,100,tqwt_kurtosisValue_dec_26 (TQWT),0.003,0.003
baseline_male,Boruta,100,std_12th_delta (MFCC),0.003,0.003
baseline_male,Boruta,100,tqwt_entropy_log_dec_18 (TQWT),0.003,0.003
baseline_male,Boruta,100,tqwt_TKEO_std_dec_18 (TQWT),0.003,0.002
baseline_male,Boruta,100,tqwt_TKEO_std_dec_11 (TQWT),0.003,0.004
baseline_male,Boruta,100,rapJitter (Baseline),0.003,0.003
baseline_male,Boruta,100,tqwt_kurtosisValue_dec_35 (TQWT),0.003,0.003
baseline_male,Boruta,100,tqwt_minValue_dec_11 (TQWT),0.003,0.004
baseline_male,Boruta,100,std_MFCC_8th_coef (MFCC),0.003,0.002
baseline_male,Boruta,100,tqwt_entropy_log_dec_26 (TQWT),0.003,0.003
baseline_male,Boruta,100,tqwt_entropy_shannon_dec_18 (TQWT),0.003,0.002
baseline_male,Boruta,100,tqwt_entropy_shannon_dec_26 (TQWT),0.003,0.003
baseline_male,Boruta,100,tqwt_stdValue_dec_33 (TQWT),0.003,0.004
baseline_male,Boruta,100,tqwt_entropy_log_dec_28 (TQWT),0.003,0.004
baseline_male,Boruta,100,tqwt_stdValue_dec_14 (TQWT),0.003,0.002
baseline_male,Boruta,100,tqwt_maxValue_dec_11 (TQWT),0.003,0.004
baseline_male,Boruta,100,std_10th_delta (MFCC),0.003,0.002
baseline_male,Boruta,100,tqwt_TKEO_std_dec_7 (TQWT),0.003,0.002
baseline_male,Boruta,100,tqwt_energy_dec_35 (TQWT),0.003,0.004
baseline_male,Boruta,100,std_MFCC_4th_coef (MFCC),0.003,0.002
baseline_male,Boruta,100,std_MFCC_6th_coef (MFCC),0.003,0.003
baseline_male,Boruta,100,tqwt_stdValue_dec_35 (TQWT),0.003,0.004
baseline_male,Boruta,100,tqwt_stdValue_dec_7 (TQWT),0.003,0.002
baseline_male,Boruta,100,tqwt_maxValue_dec_12 (TQWT),0.003,0.004
baseline_male,Boruta,100,tqwt_entropy_shannon_dec_16 (TQWT),0.003,0.002
baseline_male,Boruta,100,tqwt_kurtosisValue_dec_36 (TQWT),0.003,0.002
baseline_male,Boruta,100,tqwt_TKEO_mean_dec_11 (TQWT),0.003,0.003
baseline_male,Boruta,100,minIntensity (Intensity),0.003,0.003
baseline_male,Boruta,100,tqwt_stdValue_dec_26 (TQWT),0.003,0.004
baseline_male,Boruta,100,tqwt_entropy_shannon_dec_34 (TQWT),0.002,0.005
baseline_male,Boruta,100,det_LT_entropy_shannon_3_coef (Wavelet),0.002,0.002
baseline_male,Boruta,100,tqwt_skewnessValue_dec_23 (TQWT),0.002,0.002
baseline_male,Boruta,100,tqwt_stdValue_dec_16 (TQWT),0.002,0.002
baseline_male,Boruta,100,tqwt_energy_dec_1 (TQWT),0.002,0.002
baseline_male,Boruta,100,tqwt_kurtosisValue_dec_27 (TQWT),0.002,0.003
baseline_male,Boruta,100,tqwt_stdValue_dec_13 (TQWT),0.002,0.003
baseline_male,Boruta,100,tqwt_stdValue_dec_6 (TQWT),0.002,0.002
baseline_male,Boruta,100,tqwt_entropy_shannon_dec_6 (TQWT),0.002,0.003
baseline_male,Boruta,100,tqwt_minValue_dec_13 (TQWT),0.002,0.003
baseline_male,Boruta,100,tqwt_minValue_dec_7 (TQWT),0.002,0.002
baseline_male,Boruta,100,locAbsJitter (Baseline),0.002,0.003
baseline_male,Boruta,100,maxIntensity (Intensity),0.002,0.002
baseline_male,Boruta,100,tqwt_stdValue_dec_17 (TQWT),0.002,0.002
baseline_male,Boruta,100,tqwt_energy_dec_13 (TQWT),0.002,0.003
baseline_male,Boruta,100,tqwt_entropy_shannon_dec_36 (TQWT),0.002,0.003
baseline_male,Boruta,100,std_5th_delta (MFCC),0.002,0.002
baseline_male,Boruta,100,tqwt_kurtosisValue_dec_16 (TQWT),0.002,0.002
baseline_male,Boruta,100,tqwt_TKEO_mean_dec_7 (TQWT),0.002,0.002
baseline_male,Boruta,100,std_12th_delta_delta (MFCC),0.002,0.003
baseline_male,Boruta,100,tqwt_TKEO_mean_dec_14 (TQWT),0.002,0.002
baseline_male,Boruta,100,tqwt_energy_dec_10 (TQWT),0.002,0.003
baseline_male,Boruta,100,tqwt_minValue_dec_12 (TQWT),0.002,0.003
baseline_male,Boruta,100,meanHarmToNoiseHarmonicity (Baseline),0.002,0.002
baseline_male,Boruta,100,tqwt_entropy_log_dec_16 (TQWT),0.002,0.002
baseline_male,Boruta,100,tqwt_TKEO_mean_dec_36 (TQWT),0.002,0.002
baseline_male,Boruta,100,meanIntensity (Intensity),0.002,0.002
baseline_male,Boruta,100,GNE_std (Vocal Fold),0.002,0.002
baseline_male,Boruta,100,std_MFCC_7th_coef (MFCC),0.002,0.002
baseline_male,Boruta,100,tqwt_entropy_log_dec_17 (TQWT),0.002,0.002
baseline_male,Boruta,100,ppq5Jitter (Baseline),0.002,0.002
baseline_male,Boruta,100,tqwt_entropy_log_dec_6 (TQWT),0.002,0.002
baseline_male,Boruta,100,Ed_4_coef (Wavelet),0.002,0.001
baseline_male,Boruta,100,tqwt_entropy_shannon_dec_17 (TQWT),0.002,0.002
baseline_male,Boruta,100,tqwt_TKEO_mean_dec_16 (TQWT),0.002,0.001
baseline_male,Boruta,100,tqwt_entropy_shannon_dec_10 (TQWT),0.002,0.002
baseline_male,Boruta,100,tqwt_kurtosisValue_dec_22 (TQWT),0.002,0.002
baseline_male,Boruta,100,tqwt_energy_dec_17 (TQWT),0.002,0.002
baseline_male,Boruta,100,f1 (Formant Frequency),0.002,0.002
baseline_male,Boruta,100,tqwt_stdValue_dec_8 (TQWT),0.002,0.001
baseline_male,Boruta,100,tqwt_energy_dec_28 (TQWT),0.002,0.002
baseline_male,Boruta,100,tqwt_TKEO_std_dec_16 (TQWT),0.002,0.002
baseline_male,Boruta,100,Ed_1_coef (Wavelet),0.002,0.003
baseline_male,Boruta,100,mean_MFCC_1st_coef (MFCC),0.002,0.001
baseline_male,Boruta,100,det_LT_TKEO_std_1_coef (Wavelet),0.002,0.002
baseline_male,Boruta,100,tqwt_kurtosisValue_dec_28 (TQWT),0.002,0.002
baseline_male,Boruta,100,tqwt_TKEO_mean_dec_28 (TQWT),0.002,0.002
baseline_male,Boruta,100,tqwt_TKEO_mean_dec_5 (TQWT),0.002,0.001
baseline_male,Boruta,100,app_LT_TKEO_std_2_coef (Wavelet),0.002,0.002
baseline_male,Boruta,100,tqwt_energy_dec_16 (TQWT),0.002,0.002
baseline_male,Boruta,100,tqwt_maxValue_dec_17 (TQWT),0.002,0.002
baseline_male,Boruta,100,tqwt_stdValue_dec_36 (TQWT),0.002,0.001
baseline_male,Boruta,100,tqwt_TKEO_std_dec_5 (TQWT),0.002,0.001
baseline_male,Boruta,100,det_TKEO_std_1_coef (Wavelet),0.002,0.003
baseline_male,Boruta,100,tqwt_stdValue_dec_28 (TQWT),0.001,0.001
baseline_male,Boruta,100,RPDE (Baseline),0.001,0.002
baseline_male,Boruta,100,det_LT_entropy_shannon_4_coef (Wavelet),0.001,0.001
baseline_male,Boruta,100,tqwt_TKEO_std_dec_14 (TQWT),0.001,0.002
baseline_male,Boruta,100,tqwt_TKEO_mean_dec_34 (TQWT),0.001,0.002
baseline_male,Boruta,100,tqwt_TKEO_mean_dec_17 (TQWT),0.001,0.002
baseline_male,Boruta,100,Ed2_1_coef (Wavelet),0.001,0.002
baseline_male,Boruta,100,locDbShimmer (Baseline),0.001,0.001
baseline_male,Boruta,100,tqwt_energy_dec_15 (TQWT),0.001,0.001
baseline_male,Boruta,100,app_det_TKEO_mean_3_coef (Wavelet),0.001,0.002
baseline_male,Boruta,100,tqwt_entropy_shannon_dec_8 (TQWT),0.001,0.002
baseline_male,Boruta,100,tqwt_TKEO_mean_dec_33 (TQWT),0.001,0.001
baseline_male,Boruta,100,tqwt_stdValue_dec_34 (TQWT),0.001,0.002
baseline_male,Boruta,100,tqwt_entropy_shannon_dec_7 (TQWT),0.001,0.001
baseline_male,Boruta,100,ddpJitter (Baseline),0.001,0.001
baseline_male,Boruta,100,tqwt_entropy_log_dec_5 (TQWT),0.001,0.002
baseline_male,Boruta,100,tqwt_TKEO_std_dec_4 (TQWT),0.001,0.001
baseline_male,Boruta,100,tqwt_TKEO_mean_dec_35 (TQWT),0.001,0.001
baseline_male,Boruta,100,f2 (Formant Frequency),0.001,0.001